"","INSTNM","CITY","STABBR","PREDDEG","HIGHDEG","CONTROL","region","UGDS","UG","COSTT4_A","TUITIONFEE_IN","TUITIONFEE_OUT","place"
"1","Alabama A & M University","Normal","AL",3,4,1,"EAST",4051,NA,18888,7182,12774,"West"
"2","University of Alabama at Birmingham","Birmingham","AL",3,4,1,"EAST",11200,NA,19990,7206,16398,"West"
"3","University of Alabama in Huntsville","Huntsville","AL",3,4,1,"EAST",5525,NA,20306,9192,21506,"West"
"4","Alabama State University","Montgomery","AL",3,4,1,"EAST",5354,NA,17400,8720,15656,"West"
"5","The University of Alabama","Tuscaloosa","AL",3,4,1,"EAST",28692,NA,26717,9450,23950,"West"
"6","Auburn University at Montgomery","Montgomery","AL",3,4,1,"EAST",4322,NA,16556,8750,24950,"West"
"7","Auburn University","Auburn University","AL",3,4,1,"EAST",19761,NA,23788,9852,26364,"West"
"8","Jacksonville State University","Jacksonville","AL",3,4,1,"EAST",7195,NA,19202,7092,13884,"West"
"9","University of West Alabama","Livingston","AL",3,4,1,"EAST",1988,NA,17959,7660,14170,"West"
"10","University of Montevallo","Montevallo","AL",3,4,1,"EAST",2610,NA,20209,10000,19690,"West"
"11","University of North Alabama","Florence","AL",3,4,1,"EAST",5536,NA,15058,7078,12670,"West"
"12","University of South Alabama","Mobile","AL",3,4,1,"EAST",11048,NA,17125,6948,13596,"West"
"13","Troy University","Troy","AL",3,4,1,"EAST",16208,NA,16877,7276,13612,"West"
"14","University of Alaska Anchorage","Anchorage","AK",3,4,1,"WEST",13116,NA,13180,5147,15206,"West"
"15","University of Alaska Fairbanks","Fairbanks","AK",3,4,1,"WEST",5729,NA,15035,4984,15560,"West"
"16","University of Alaska Southeast","Juneau","AK",3,4,1,"WEST",1488,NA,16409,5693,16269,"West"
"17","Arizona State University-Tempe","Tempe","AZ",3,4,1,"WEST",38480,NA,21960,9861,23654,"West"
"18","University of Arizona","Tucson","AZ",3,4,1,"WEST",31399,NA,23905,10391,27383,"West"
"19","Northern Arizona University","Flagstaff","AZ",3,4,1,"WEST",22011,NA,22771,9738,22093,"West"
"20","University of Arkansas at Little Rock","Little Rock","AR",3,4,1,"EAST",8504,NA,19894,7094,16871,"West"
"21","University of Arkansas","Fayetteville","AR",3,4,1,"EAST",20776,NA,19917,7818,19074,"West"
"22","University of Arkansas at Pine Bluff","Pine Bluff","AR",3,4,1,"EAST",2503,NA,15414,5938,11638,"West"
"23","Arkansas State University-Main Campus","Jonesboro","AR",3,4,1,"EAST",9325,NA,18809,7510,13120,"West"
"24","Arkansas Tech University","Russellville","AR",3,4,1,"EAST",8734,NA,16126,5598,10374,"West"
"25","University of Central Arkansas","Conway","AR",3,4,1,"EAST",9261,NA,17899,7595,13340,"West"
"26","Henderson State University","Arkadelphia","AR",3,4,1,"EAST",3190,NA,18033,7580,13700,"West"
"27","Southern Arkansas University Main Campus","Magnolia","AR",3,4,1,"EAST",2640,NA,17738,7466,10616,"West"
"28","California Polytechnic State University-San Luis Obispo","San Luis Obispo","CA",3,4,1,"WEST",18664,NA,23867,8724,19884,"West"
"29","California State University-Bakersfield","Bakersfield","CA",3,4,1,"WEST",7226,NA,18061,6775,17935,"West"
"30","California State University-Stanislaus","Turlock","CA",3,4,1,"WEST",7751,NA,17161,6491,17651,"West"
"31","California State University-San Bernardino","San Bernardino","CA",3,4,1,"WEST",15887,NA,17030,6550,17710,"West"
"32","California State Polytechnic University-Pomona","Pomona","CA",3,4,1,"WEST",20857,NA,19402,6350,17510,"West"
"33","California State University-Chico","Chico","CA",3,4,1,"WEST",15106,NA,22926,6972,18132,"West"
"34","California State University-Dominguez Hills","Carson","CA",3,4,1,"WEST",11894,NA,12957,6100,17260,"West"
"35","California State University-Fresno","Fresno","CA",3,4,1,"WEST",19911,NA,16377,6287,17447,"West"
"36","California State University-Fullerton","Fullerton","CA",3,4,1,"WEST",33000,NA,16663,6186,17346,"West"
"37","California State University-East Bay","Hayward","CA",3,4,1,"WEST",12079,NA,20676,6550,17710,"West"
"38","California State University-Long Beach","Long Beach","CA",3,4,1,"WEST",30440,NA,18085,6240,17400,"West"
"39","California State University-Los Angeles","Los Angeles","CA",3,4,1,"WEST",19525,NA,14747,6344,17504,"West"
"40","California State University-Northridge","Northridge","CA",3,4,1,"WEST",33581,NA,20899,6525,17685,"West"
"41","California State University-Sacramento","Sacramento","CA",3,4,1,"WEST",25991,NA,19380,6628,17788,"West"
"42","University of California-Berkeley","Berkeley","CA",3,4,1,"WEST",25951,NA,32715,12864,35742,"West"
"43","University of California-Davis","Davis","CA",3,4,1,"WEST",26483,NA,31803,13895,36773,"West"
"44","University of California-Irvine","Irvine","CA",3,4,1,"WEST",23517,NA,28980,13149,36027,"West"
"45","University of California-Los Angeles","Los Angeles","CA",3,4,1,"WEST",28667,NA,31474,12697,35575,"West"
"46","University of California-Riverside","Riverside","CA",3,4,1,"WEST",18612,NA,29787,12960,35838,"West"
"47","University of California-San Diego","La Jolla","CA",3,4,1,"WEST",23792,NA,29751,13271,36149,"West"
"48","University of California-Santa Barbara","Santa Barbara","CA",3,4,1,"WEST",19362,NA,31913,13746,36624,"West"
"49","University of California-Santa Cruz","Santa Cruz","CA",3,4,1,"WEST",15695,NA,33208,13397,36275,"West"
"50","California Maritime Academy","Vallejo","CA",3,4,1,"WEST",1044,NA,22223,6536,17696,"West"
"51","Humboldt State University","Arcata","CA",3,4,1,"WEST",7748,NA,23113,7144,18304,"West"
"52","San Diego State University","San Diego","CA",3,4,1,"WEST",26625,NA,20252,6766,17926,"West"
"53","San Francisco State University","San Francisco","CA",3,4,1,"WEST",25271,NA,22267,6450,17610,"West"
"54","San Jose State University","San Jose","CA",3,4,1,"WEST",25723,NA,21160,7343,18503,"West"
"55","Sonoma State University","Rohnert Park","CA",3,4,1,"WEST",8321,NA,23675,7234,18394,"West"
"56","Adams State University","Alamosa","CO",3,4,1,"WEST",2227,NA,17759,7449,18081,"West"
"57","University of Colorado Denver","Denver","CO",3,4,1,"WEST",10470,NA,18822,7933,22057,"West"
"58","University of Colorado Colorado Springs","Colorado Springs","CO",3,4,1,"WEST",8888,NA,16707,7024,18437,"West"
"59","University of Colorado Boulder","Boulder","CO",3,4,1,"WEST",25461,NA,27854,10347,32115,"West"
"60","Colorado School of Mines","Golden","CO",3,4,1,"WEST",4197,NA,29091,16485,32415,"West"
"61","Colorado State University-Fort Collins","Fort Collins","CO",3,4,1,"WEST",22482,NA,21823,9313,25166,"West"
"62","Colorado Mesa University","Grand Junction","CO",3,4,1,"WEST",8733,NA,18077,6725,16748,"West"
"63","Metropolitan State University of Denver","Denver","CO",3,4,1,"WEST",21696,NA,14034,5744,17837,"West"
"64","University of Northern Colorado","Greeley","CO",3,4,1,"WEST",9525,NA,19105,6968,18507,"West"
"65","Colorado State University-Pueblo","Pueblo","CO",3,4,1,"WEST",4375,NA,18007,7327,17649,"West"
"66","Western State Colorado University","Gunnison","CO",3,4,1,"WEST",1956,NA,18875,7343,17284,"West"
"67","Central Connecticut State University","New Britain","CT",3,4,1,"EAST",9512,NA,20372,8706,20211,"West"
"68","University of Connecticut","Storrs","CT",3,4,1,"EAST",17684,NA,25786,12022,30970,"West"
"69","Eastern Connecticut State University","Willimantic","CT",3,4,1,"EAST",4920,NA,22633,9376,20881,"West"
"70","Southern Connecticut State University","New Haven","CT",3,4,1,"EAST",8257,NA,18628,9020,20486,"West"
"71","Western Connecticut State University","Danbury","CT",3,4,1,"EAST",5184,NA,19446,8893,20398,"West"
"72","Delaware State University","Dover","DE",3,4,1,"EAST",3719,NA,20506,7336,15692,"West"
"73","University of Delaware","Newark","DE",3,4,1,"EAST",17729,NA,21748,12112,29932,"West"
"74","University of the District of Columbia","Washington","DC",3,4,1,"EAST",4487,NA,19873,5138,8778,"West"
"75","University of Central Florida","Orlando","FL",3,4,1,"EAST",50919,NA,19815,6317,22416,"West"
"76","Florida Agricultural and Mechanical University","Tallahassee","FL",3,4,1,"EAST",8825,NA,19191,5785,17725,"West"
"77","Florida Atlantic University","Boca Raton","FL",3,4,1,"EAST",24685,NA,19131,4790,17234,"West"
"78","Florida International University","Miami","FL",3,4,1,"EAST",38234,NA,18426,6496,18895,"West"
"79","Florida State University","Tallahassee","FL",3,4,1,"EAST",32086,NA,20774,6507,21673,"West"
"80","University of Florida","Gainesville","FL",3,4,1,"EAST",32346,NA,20456,6263,28541,"West"
"81","University of North Florida","Jacksonville","FL",3,4,1,"EAST",14006,NA,19415,6353,20756,"West"
"82","University of South Florida-Main Campus","Tampa","FL",3,4,1,"EAST",30376,NA,19299,6410,17324,"West"
"83","The University of West Florida","Pensacola","FL",3,4,1,"EAST",9906,NA,18158,6357,19238,"West"
"84","Albany State University","Albany","GA",3,4,1,"EAST",3566,NA,19025,6024,18226,"West"
"85","Armstrong Atlantic State University","Savannah","GA",3,4,1,"EAST",6206,NA,19802,5085,14847,"West"
"86","Clayton State University","Morrow","GA",3,4,1,"EAST",6445,NA,17487,5153,14915,"West"
"87","Columbus State University","Columbus","GA",3,4,1,"EAST",6849,NA,17029,5514,15556,"West"
"88","Fort Valley State University","Fort Valley","GA",3,4,1,"EAST",2805,NA,19801,6438,18640,"West"
"89","Georgia Institute of Technology-Main Campus","Atlanta","GA",3,4,1,"EAST",13975,NA,21980,10650,29954,"West"
"90","Georgia Southwestern State University","Americus","GA",3,4,1,"EAST",2598,NA,17839,5035,14797,"West"
"91","Georgia College and State University","Milledgeville","GA",3,4,1,"EAST",5636,NA,23052,8790,26690,"West"
"92","Georgia Southern University","Statesboro","GA",3,4,1,"EAST",17103,NA,21513,6071,16137,"West"
"93","Georgia State University","Atlanta","GA",3,4,1,"EAST",24128,NA,23124,8368,22936,"West"
"94","University of Georgia","Athens","GA",3,4,1,"EAST",26120,NA,21162,10262,28472,"West"
"95","Kennesaw State University","Kennesaw","GA",3,4,1,"EAST",22211,NA,20630,5818,15898,"West"
"96","Savannah State University","Savannah","GA",3,4,1,"EAST",4462,NA,15531,5415,15176,"West"
"97","Southern Polytechnic State University","Marietta","GA",3,4,1,"EAST",5636,NA,16546,5732,16760,"West"
"98","Valdosta State University","Valdosta","GA",3,4,1,"EAST",9634,NA,20958,5889,16814,"West"
"99","University of West Georgia","Carrollton","GA",3,4,1,"EAST",9777,NA,18879,5837,15903,"West"
"100","University of Hawaii at Hilo","Hilo","HI",3,4,1,"WEST",3335,NA,15284,6536,18296,"West"
"101","University of Hawaii at Manoa","Honolulu","HI",3,4,1,"WEST",14097,NA,18491,9904,27472,"West"
"102","Boise State University","Boise","ID",3,4,1,"WEST",16557,NA,18227,6292,18892,"West"
"103","Idaho State University","Pocatello","ID",3,4,1,"WEST",9337,NA,18077,6344,18676,"West"
"104","University of Idaho","Moscow","ID",3,4,1,"WEST",8539,NA,19700,6524,19600,"West"
"105","Chicago State University","Chicago","IL",3,4,1,"EAST",4321,NA,18472,9032,15424,"West"
"106","Eastern Illinois University","Charleston","IL",3,4,1,"EAST",8255,NA,23346,11144,28124,"West"
"107","University of Illinois at Chicago","Chicago","IL",3,4,1,"EAST",16601,NA,25248,13410,25800,"West"
"108","University of Illinois at Urbana-Champaign","Champaign","IL",3,4,1,"EAST",31663,NA,28564,14750,29132,"West"
"109","Illinois State University","Normal","IL",3,4,1,"EAST",17667,NA,25416,13010,20450,"West"
"110","Northern Illinois University","Dekalb","IL",3,4,1,"EAST",15782,NA,27621,12976,22072,"West"
"111","Northeastern Illinois University","Chicago","IL",3,4,1,"EAST",8827,NA,22273,8460,15348,"West"
"112","University of Illinois at Springfield","Springfield","IL",3,4,1,"EAST",2959,NA,21385,9178,16498,"West"
"113","Southern Illinois University-Carbondale","Carbondale","IL",3,4,1,"EAST",13220,NA,24234,12093,24716,"West"
"114","Southern Illinois University-Edwardsville","Edwardsville","IL",3,4,1,"EAST",11179,NA,21137,9666,20610,"West"
"115","Western Illinois University","Macomb","IL",3,4,1,"EAST",9873,NA,24375,11767,15969,"West"
"116","Ball State University","Muncie","IN",3,4,1,"EAST",15985,NA,21101,9160,24124,"West"
"117","Indiana University-Purdue University-Fort Wayne","Fort Wayne","IN",3,4,1,"EAST",9795,NA,18837,7013,16845,"West"
"118","Indiana University-Purdue University-Indianapolis","Indianapolis","IN",3,4,1,"EAST",21569,NA,20846,8756,29571,"West"
"119","University of Southern Indiana","Evansville","IN",3,4,1,"EAST",8764,NA,17996,6698,15553,"West"
"120","Indiana State University","Terre Haute","IN",3,4,1,"EAST",10173,NA,19549,8256,17992,"West"
"121","Indiana University-Kokomo","Kokomo","IN",3,4,1,"EAST",2708,NA,15874,6675,17778,"West"
"122","Indiana University-South Bend","South Bend","IN",3,4,1,"EAST",5538,NA,17377,6816,17778,"West"
"123","Indiana University-Bloomington","Bloomington","IN",3,4,1,"EAST",31984,NA,23043,10209,32350,"West"
"124","Indiana University-Northwest","Gary","IN",3,4,1,"EAST",4764,NA,18092,6739,17778,"West"
"125","Indiana University-Southeast","New Albany","IN",3,4,1,"EAST",5699,NA,16753,6700,17778,"West"
"126","Indiana University-East","Richmond","IN",3,4,1,"EAST",3132,NA,15334,6639,17778,"West"
"127","Purdue University-Calumet Campus","Hammond","IN",3,4,1,"EAST",7466,NA,16727,6624,14966,"West"
"128","Purdue University-North Central Campus","Westville","IN",3,4,1,"EAST",3514,NA,13713,7186,17105,"West"
"129","Iowa State University","Ames","IA",3,4,1,"WEST",27112,NA,18820,7726,20278,"West"
"130","University of Iowa","Iowa City","IA",3,4,1,"WEST",21314,NA,21832,8061,26931,"West"
"131","University of Northern Iowa","Cedar Falls","IA",3,4,1,"WEST",10170,NA,19233,7685,17181,"West"
"132","Emporia State University","Emporia","KS",3,4,1,"WEST",3724,NA,15612,5614,17388,"West"
"133","Fort Hays State University","Hays","KS",3,4,1,"WEST",11064,NA,15395,4358,12821,"West"
"134","University of Kansas","Lawrence","KS",3,4,1,"WEST",18731,NA,21971,10107,24873,"West"
"135","Kansas State University","Manhattan","KS",3,4,1,"WEST",19647,NA,20140,8585,21530,"West"
"136","Pittsburg State University","Pittsburg","KS",3,4,1,"WEST",6005,NA,15211,5906,15786,"West"
"137","Washburn University","Topeka","KS",3,4,1,"WEST",5320,NA,16176,5774,12926,"West"
"138","Wichita State University","Wichita","KS",3,4,1,"WEST",11198,NA,14764,6926,14960,"West"
"139","Eastern Kentucky University","Richmond","KY",3,4,1,"EAST",13247,NA,17801,7536,16608,"West"
"140","Kentucky State University","Frankfort","KY",3,4,1,"EAST",2131,NA,18387,6276,15072,"West"
"141","University of Kentucky","Lexington","KY",3,4,1,"EAST",21050,NA,22420,10110,21192,"West"
"142","University of Louisville","Louisville","KY",3,4,1,"EAST",15023,NA,21922,9946,23834,"West"
"143","Morehead State University","Morehead","KY",3,4,1,"EAST",7344,NA,17805,7498,18746,"West"
"144","Murray State University","Murray","KY",3,4,1,"EAST",7956,NA,16397,7044,19164,"West"
"145","Northern Kentucky University","Highland Heights","KY",3,4,1,"EAST",11976,NA,14603,8376,16464,"West"
"146","Western Kentucky University","Bowling Green","KY",3,4,1,"EAST",15780,NA,16538,8722,22248,"West"
"147","Grambling State University","Grambling","LA",3,4,1,"EAST",4100,NA,20881,5950,15118,"West"
"148","Louisiana State University and Agricultural & Mechanical College","Baton Rouge","LA",3,4,1,"EAST",23990,NA,20422,7873,25790,"West"
"149","Louisiana State University-Shreveport","Shreveport","LA",3,4,1,"EAST",2796,NA,15066,5606,5606,"West"
"150","Louisiana Tech University","Ruston","LA",3,4,1,"EAST",7047,NA,16983,7302,18441,"West"
"151","McNeese State University","Lake Charles","LA",3,4,1,"EAST",6777,NA,14823,5701,16603,"West"
"152","University of New Orleans","New Orleans","LA",3,4,1,"EAST",6854,NA,16212,6578,19068,"West"
"153","Nicholls State University","Thibodaux","LA",3,4,1,"EAST",5682,NA,16071,6468,15959,"West"
"154","University of Louisiana at Monroe","Monroe","LA",3,4,1,"EAST",5863,NA,14925,6318,16890,"West"
"155","Northwestern State University of Louisiana","Natchitoches","LA",3,4,1,"EAST",7026,NA,16605,6207,16327,"West"
"156","Southeastern Louisiana University","Hammond","LA",3,4,1,"EAST",11704,NA,15729,5715,17734,"West"
"157","Southern University and A & M College","Baton Rouge","LA",3,4,1,"EAST",5666,NA,17928,6630,8274,"West"
"158","Southern University at New Orleans","New Orleans","LA",3,4,1,"EAST",1782,NA,10889,4911,4911,"West"
"159","University of Louisiana at Lafayette","Lafayette","LA",3,4,1,"EAST",14261,NA,15342,6192,15742,"West"
"160","University of Maine at Farmington","Farmington","ME",3,4,1,"EAST",1858,NA,20415,9167,18255,"West"
"161","University of Maine","Orono","ME",3,4,1,"EAST",8619,NA,22461,10600,27970,"West"
"162","Maine Maritime Academy","Castine","ME",3,4,1,"EAST",994,NA,23673,11950,22770,"West"
"163","University of Southern Maine","Portland","ME",3,4,1,"EAST",6079,NA,22290,8920,21280,"West"
"164","University of Baltimore","Baltimore","MD",3,4,1,"EAST",3479,NA,24835,7838,16288,"West"
"165","Bowie State University","Bowie","MD",3,4,1,"EAST",4313,NA,18581,6971,17538,"West"
"166","Coppin State University","Baltimore","MD",3,4,1,"EAST",2880,NA,16147,6252,11186,"West"
"167","Frostburg State University","Frostburg","MD",3,4,1,"EAST",4575,NA,19454,7728,18376,"West"
"168","University of Maryland-University College","Adelphi","MD",3,4,1,"EAST",26006,NA,13222,6552,12336,"West"
"169","University of Maryland-Baltimore County","Baltimore","MD",3,4,1,"EAST",11012,NA,22024,10068,21642,"West"
"170","University of Maryland-College Park","College Park","MD",3,4,1,"EAST",26045,NA,22933,9162,28348,"West"
"171","University of Maryland Eastern Shore","Princess Anne","MD",3,4,1,"EAST",3421,NA,20587,6998,15504,"West"
"172","Morgan State University","Baltimore","MD",3,4,1,"EAST",6197,NA,20108,7218,16632,"West"
"173","Salisbury University","Salisbury","MD",3,4,1,"EAST",7767,NA,20916,8128,16474,"West"
"174","St Mary's College of Maryland","St. Mary's City","MD",3,4,1,"EAST",1794,NA,29174,14864,28664,"West"
"175","Towson University","Towson","MD",3,4,1,"EAST",18534,NA,21596,8342,20020,"West"
"176","Bridgewater State University","Bridgewater","MA",3,4,1,"EAST",9489,NA,19303,8053,14193,"West"
"177","Fitchburg State University","Fitchburg","MA",3,4,1,"EAST",4148,NA,17686,8985,15065,"West"
"178","Framingham State University","Framingham","MA",3,4,1,"EAST",4255,NA,21402,8080,14160,"West"
"179","University of Massachusetts-Lowell","Lowell","MA",3,4,1,"EAST",11830,NA,22861,12097,26146,"West"
"180","University of Massachusetts-Amherst","Amherst","MA",3,4,1,"EAST",21672,NA,25665,13443,28159,"West"
"181","University of Massachusetts-Boston","Boston","MA",3,4,1,"EAST",11786,NA,19763,11966,27430,"West"
"182","Massachusetts College of Art and Design","Boston","MA",3,4,1,"EAST",1861,NA,25384,10400,28600,"West"
"183","Massachusetts Maritime Academy","Buzzards Bay","MA",3,4,1,"EAST",1362,NA,22420,7127,22033,"West"
"184","Massachusetts College of Liberal Arts","North Adams","MA",3,4,1,"EAST",1483,NA,20025,8525,17470,"West"
"185","Salem State University","Salem","MA",3,4,1,"EAST",7134,NA,20601,8130,14270,"West"
"186","University of Massachusetts-Dartmouth","North Dartmouth","MA",3,4,1,"EAST",7202,NA,23763,11681,24156,"West"
"187","Westfield State University","Westfield","MA",3,4,1,"EAST",5524,NA,19468,8694,14774,"West"
"188","Worcester State University","Worcester","MA",3,4,1,"EAST",5033,NA,18494,8157,14237,"West"
"189","Central Michigan University","Mount Pleasant","MI",3,4,1,"EAST",20070,NA,21523,11220,23670,"West"
"190","Eastern Michigan University","Ypsilanti","MI",3,4,1,"EAST",18543,NA,18905,9364,24909,"West"
"191","Ferris State University","Big Rapids","MI",3,4,1,"EAST",12646,NA,21498,10466,16722,"West"
"192","Grand Valley State University","Allendale","MI",3,4,1,"EAST",21137,NA,21512,10716,15388,"West"
"193","Lake Superior State University","Sault Ste Marie","MI",3,4,1,"EAST",2299,NA,19571,9960,14880,"West"
"194","University of Michigan-Ann Arbor","Ann Arbor","MI",3,4,1,"EAST",28077,NA,25760,13142,40392,"West"
"195","Michigan State University","East Lansing","MI",3,4,1,"EAST",37622,NA,23740,12862,33750,"West"
"196","Michigan Technological University","Houghton","MI",3,4,1,"EAST",5536,NA,24724,13728,28608,"West"
"197","University of Michigan-Dearborn","Dearborn","MI",3,4,1,"EAST",6793,NA,15831,10614,23124,"West"
"198","University of Michigan-Flint","Flint","MI",3,4,1,"EAST",6746,NA,16731,9356,18238,"West"
"199","Northern Michigan University","Marquette","MI",3,4,1,"EAST",7959,NA,18466,9037,14113,"West"
"200","Oakland University","Rochester Hills","MI",3,4,1,"EAST",16113,NA,19198,10613,23873,"West"
"201","Saginaw Valley State University","University Center","MI",3,4,1,"EAST",8687,NA,17876,8423,19776,"West"
"202","Wayne State University","Detroit","MI",3,4,1,"EAST",17789,NA,20199,11094,23714,"West"
"203","Western Michigan University","Kalamazoo","MI",3,4,1,"EAST",18755,NA,22483,10355,24109,"West"
"204","Bemidji State University","Bemidji","MN",3,4,1,"WEST",4397,NA,18166,8124,8124,"West"
"205","Minnesota State University-Mankato","Mankato","MN",3,4,1,"WEST",12542,NA,17578,7557,15036,"West"
"206","Metropolitan State University","Saint Paul","MN",3,4,1,"WEST",7322,NA,18170,6642,13227,"West"
"207","University of Minnesota-Twin Cities","Minneapolis","MN",3,4,1,"WEST",30271,NA,24278,13555,19805,"West"
"208","University of Minnesota-Duluth","Duluth","MN",3,4,1,"WEST",9239,NA,22796,12815,16480,"West"
"209","Minnesota State University-Moorhead","Moorhead","MN",3,4,1,"WEST",5912,NA,18028,7816,14714,"West"
"210","Saint Cloud State University","Saint Cloud","MN",3,4,1,"WEST",11535,NA,17892,7514,15156,"West"
"211","Southwest Minnesota State University","Marshall","MN",3,4,1,"WEST",2426,NA,19109,8074,8074,"West"
"212","Winona State University","Winona","MN",3,4,1,"WEST",8079,NA,20449,8730,14230,"West"
"213","Alcorn State University","Alcorn State","MS",3,4,1,"EAST",3157,NA,20330,6108,6108,"West"
"214","Delta State University","Cleveland","MS",3,4,1,"EAST",2638,NA,17749,6562,6562,"West"
"215","Jackson State University","Jackson","MS",3,4,1,"EAST",6880,NA,18724,6348,15552,"West"
"216","University of Mississippi","University","MS",3,4,1,"EAST",16432,NA,21526,6760,17728,"West"
"217","Mississippi University for Women","Columbus","MS",3,4,1,"EAST",2252,NA,15935,5640,15360,"West"
"218","Mississippi Valley State University","Itta Bena","MS",3,4,1,"EAST",1856,NA,17758,5916,5916,"West"
"219","Mississippi State University","Mississippi State","MS",3,4,1,"EAST",16399,NA,20796,6772,16960,"West"
"220","University of Southern Mississippi","Hattiesburg","MS",3,4,1,"EAST",12371,NA,18781,6744,15024,"West"
"221","University of Central Missouri","Warrensburg","MO",3,4,1,"WEST",9160,NA,18355,7265,13659,"West"
"222","Lincoln University","Jefferson City","MO",3,4,1,"WEST",2268,NA,14906,6838,13228,"West"
"223","Missouri Southern State University","Joplin","MO",3,4,1,"WEST",5132,NA,14143,5376,10225,"West"
"224","Missouri Western State University","Saint Joseph","MO",3,4,1,"WEST",4902,NA,15242,6400,12006,"West"
"225","University of Missouri-Columbia","Columbia","MO",3,4,1,"WEST",26585,NA,22387,9415,23764,"West"
"226","University of Missouri-Kansas City","Kansas City","MO",3,4,1,"WEST",8309,NA,23437,9456,22203,"West"
"227","Missouri University of Science and Technology","Rolla","MO",3,4,1,"WEST",6064,NA,22102,9510,24675,"West"
"228","University of Missouri-St Louis","Saint Louis","MO",3,4,1,"WEST",8928,NA,22474,9474,24429,"West"
"229","Truman State University","Kirksville","MO",3,4,1,"WEST",5482,NA,19689,7368,13240,"West"
"230","Northwest Missouri State University","Maryville","MO",3,4,1,"WEST",5274,NA,17005,6390,11391,"West"
"231","Southeast Missouri State University","Cape Girardeau","MO",3,4,1,"WEST",9382,NA,17093,6863,12195,"West"
"232","Missouri State University-Springfield","Springfield","MO",3,4,1,"WEST",15746,NA,19117,6908,13388,"West"
"233","Montana State University-Billings","Billings","MT",3,4,1,"WEST",4234,NA,15753,5745,17088,"West"
"234","Montana Tech of the University of Montana","Butte","MT",3,4,1,"WEST",1825,NA,16434,6464,18606,"West"
"235","Montana State University","Bozeman","MT",3,4,1,"WEST",13055,NA,18486,6752,20717,"West"
"236","The University of Montana","Missoula","MT",3,4,1,"WEST",11630,NA,17440,6045,21719,"West"
"237","Montana State University-Northern","Havre","MT",3,4,1,"WEST",1250,NA,17290,5480,17312,"West"
"238","Chadron State College","Chadron","NE",3,4,1,"WEST",2131,NA,15402,5600,5630,"West"
"239","University of Nebraska at Kearney","Kearney","NE",3,4,1,"WEST",5247,NA,19212,6542,12370,"West"
"240","University of Nebraska at Omaha","Omaha","NE",3,4,1,"WEST",12153,NA,16860,6550,16890,"West"
"241","University of Nebraska-Lincoln","Lincoln","NE",3,4,1,"WEST",19376,NA,21024,8060,21388,"West"
"242","Peru State College","Peru","NE",3,4,1,"WEST",1534,NA,15207,6188,6188,"West"
"243","Wayne State College","Wayne","NE",3,4,1,"WEST",2900,NA,15002,5574,9774,"West"
"244","University of Nevada-Las Vegas","Las Vegas","NV",3,4,1,"WEST",22742,NA,17478,6690,20600,"West"
"245","University of Nevada-Reno","Reno","NV",3,4,1,"WEST",15310,NA,21398,6610,20520,"West"
"246","University of New Hampshire-Main Campus","Durham","NH",3,4,1,"EAST",12288,NA,29520,16496,29216,"West"
"247","Keene State College","Keene","NH",3,4,1,"EAST",4643,NA,24614,12776,20161,"West"
"248","Plymouth State University","Plymouth","NH",3,4,1,"EAST",3986,NA,24828,12610,20030,"West"
"249","Granite State College","Concord","NH",3,4,1,"EAST",1680,NA,17576,7065,7545,"West"
"250","Rowan University","Glassboro","NJ",3,4,1,"EAST",10656,NA,26970,12380,20186,"West"
"251","New Jersey City University","Jersey City","NJ",3,4,1,"EAST",6373,NA,19058,10653,19065,"West"
"252","Kean University","Union","NJ",3,4,1,"EAST",11975,NA,19462,10918,17141,"West"
"253","Montclair State University","Montclair","NJ",3,4,1,"EAST",15182,NA,22773,11318,20196,"West"
"254","New Jersey Institute of Technology","Newark","NJ",3,4,1,"EAST",6449,NA,26700,15218,28274,"West"
"255","Ramapo College of New Jersey","Mahwah","NJ",3,4,1,"EAST",5397,NA,27781,13388,22038,"West"
"256","Rutgers University-Camden","Camden","NJ",3,4,1,"EAST",4777,NA,22048,13348,26908,"West"
"257","Rutgers University-New Brunswick","New Brunswick","NJ",3,4,1,"EAST",33427,NA,28011,13499,27523,"West"
"258","Rutgers University-Newark","Newark","NJ",3,4,1,"EAST",6748,NA,22046,12998,27022,"West"
"259","The Richard Stockton College of New Jersey","Galloway","NJ",3,4,1,"EAST",7491,NA,26086,12322,18715,"West"
"260","The College of New Jersey","Ewing","NJ",3,4,1,"EAST",6446,NA,28943,14730,25135,"West"
"261","William Paterson University of New Jersey","Wayne","NJ",3,4,1,"EAST",9930,NA,21990,11918,19458,"West"
"262","Eastern New Mexico University-Main Campus","Portales","NM",3,4,1,"WEST",3767,NA,15021,4558,10069,"West"
"263","New Mexico Highlands University","Las Vegas","NM",3,4,1,"WEST",2221,NA,15611,4000,6382,"West"
"264","New Mexico Institute of Mining and Technology","Socorro","NM",3,4,1,"WEST",1490,NA,17600,5714,17073,"West"
"265","University of New Mexico-Main Campus","Albuquerque","NM",3,4,1,"WEST",20847,NA,16822,6846,20688,"West"
"266","New Mexico State University-Main Campus","Las Cruces","NM",3,4,1,"WEST",12886,NA,17290,6220,19644,"West"
"267","Western New Mexico University","Silver City","NM",3,4,1,"WEST",2166,NA,15121,4723,12763,"West"
"268","CUNY Bernard M Baruch College","New York","NY",3,4,1,"EAST",13698,NA,15112,6210,12720,"West"
"269","CUNY Brooklyn College","Brooklyn","NY",3,4,1,"EAST",12625,NA,13903,6184,12694,"West"
"270","College of Staten Island CUNY","Staten Island","NY",3,4,1,"EAST",12974,NA,14298,6158,12668,"West"
"271","CUNY City College","New York","NY",3,4,1,"EAST",11820,NA,14041,6089,12599,"West"
"272","CUNY Hunter College","New York","NY",3,4,1,"EAST",15697,NA,14478,6129,12639,"West"
"273","CUNY John Jay College of Criminal Justice","New York","NY",3,4,1,"EAST",12838,NA,13308,6059,12569,"West"
"274","CUNY Lehman College","Bronx","NY",3,4,1,"EAST",9020,NA,12957,6108,12618,"West"
"275","CUNY Queens College","Flushing","NY",3,4,1,"EAST",14424,NA,13676,6207,12717,"West"
"276","CUNY York College","Jamaica","NY",3,4,1,"EAST",7361,NA,13967,6096,12606,"West"
"277","SUNY at Albany","Albany","NY",3,4,1,"EAST",12542,NA,21249,8040,18360,"West"
"278","SUNY at Binghamton","Vestal","NY",3,4,1,"EAST",12940,NA,21966,8144,18464,"West"
"279","University at Buffalo","Buffalo","NY",3,4,1,"EAST",19365,NA,20885,8211,20151,"West"
"280","Stony Brook University","Stony Brook","NY",3,4,1,"EAST",15724,NA,20611,7995,19935,"West"
"281","SUNY College of Environmental Science and Forestry","Syracuse","NY",3,4,1,"EAST",1694,NA,22550,7033,16483,"West"
"282","SUNY Institute of Technology at Utica-Rome","Utica","NY",3,4,1,"EAST",1714,NA,19843,7090,16540,"West"
"283","SUNY College at Brockport","Brockport","NY",3,4,1,"EAST",7040,NA,19511,7222,16672,"West"
"284","Buffalo State SUNY","Buffalo","NY",3,4,1,"EAST",9190,NA,18088,7022,16382,"West"
"285","SUNY College at Cortland","Cortland","NY",3,4,1,"EAST",6394,NA,21840,7327,16777,"West"
"286","SUNY at Fredonia","Fredonia","NY",3,4,1,"EAST",5049,NA,20802,7400,16850,"West"
"287","SUNY College at Geneseo","Geneseo","NY",3,4,1,"EAST",5463,NA,21004,7430,16880,"West"
"288","State University of New York at New Paltz","New Paltz","NY",3,4,1,"EAST",6397,NA,20428,7083,16533,"West"
"289","SUNY Oneonta","Oneonta","NY",3,4,1,"EAST",5759,NA,20762,7230,16680,"West"
"290","SUNY College at Oswego","Oswego","NY",3,4,1,"EAST",7245,NA,21222,7181,16631,"West"
"291","SUNY College at Potsdam","Potsdam","NY",3,4,1,"EAST",3683,NA,19829,7174,16624,"West"
"292","SUNY at Purchase College","Purchase","NY",3,4,1,"EAST",4017,NA,22381,7573,17023,"West"
"293","SUNY College at Old Westbury","Old Westbury","NY",3,4,1,"EAST",4045,NA,15888,6624,15874,"West"
"294","SUNY College at Plattsburgh","Plattsburgh","NY",3,4,1,"EAST",5494,NA,20371,7179,16629,"West"
"295","SUNY Empire State College","Saratoga Springs","NY",3,4,1,"EAST",9793,NA,19755,6265,15715,"West"
"296","SUNY Maritime College","Throggs Neck","NY",3,4,1,"EAST",1565,NA,21493,7109,16559,"West"
"297","United States Merchant Marine Academy","Kings Point","NY",3,4,1,"EAST",958,NA,6603,1032,1032,"West"
"298","Appalachian State University","Boone","NC",3,4,1,"EAST",15840,NA,17780,6462,18670,"West"
"299","East Carolina University","Greenville","NC",3,4,1,"EAST",20625,NA,19851,6143,20256,"West"
"300","Elizabeth City State University","Elizabeth City","NC",3,4,1,"EAST",2276,NA,10620,4429,15286,"West"
"301","Fayetteville State University","Fayetteville","NC",3,4,1,"EAST",5077,NA,13188,4605,15401,"West"
"302","North Carolina A & T State University","Greensboro","NC",3,4,1,"EAST",8577,NA,15313,5422,16503,"West"
"303","University of North Carolina at Asheville","Asheville","NC",3,4,1,"EAST",3323,NA,17468,6241,20063,"West"
"304","University of North Carolina at Chapel Hill","Chapel Hill","NC",3,4,1,"EAST",17882,NA,23069,8340,30122,"West"
"305","University of North Carolina at Charlotte","Charlotte","NC",3,4,1,"EAST",21400,NA,17767,6107,18636,"West"
"306","University of North Carolina at Greensboro","Greensboro","NC",3,4,1,"EAST",14138,NA,17362,6382,20180,"West"
"307","North Carolina Central University","Durham","NC",3,4,1,"EAST",5876,NA,17873,5526,16099,"West"
"308","University of North Carolina School of the Arts","Winston-Salem","NC",3,4,1,"EAST",792,NA,19666,8271,21416,"West"
"309","North Carolina State University at Raleigh","Raleigh","NC",3,4,1,"EAST",22977,NA,20511,8206,21661,"West"
"310","University of North Carolina Wilmington","Wilmington","NC",3,4,1,"EAST",12178,NA,18165,6343,18480,"West"
"311","University of North Carolina at Pembroke","Pembroke","NC",3,4,1,"EAST",5184,NA,15784,5144,14351,"West"
"312","Winston-Salem State University","Winston-Salem","NC",3,4,1,"EAST",4877,NA,15990,5468,14281,"West"
"313","Western Carolina University","Cullowhee","NC",3,4,1,"EAST",8238,NA,17805,6265,15862,"West"
"314","Minot State University","Minot","ND",3,4,1,"WEST",2693,NA,14549,6086,6086,"West"
"315","University of North Dakota","Grand Forks","ND",3,4,1,"WEST",11182,NA,20538,7508,17794,"West"
"316","North Dakota State University-Main Campus","Fargo","ND",3,4,1,"WEST",11629,NA,18277,7660,18242,"West"
"317","Valley City State University","Valley City","ND",3,4,1,"WEST",924,NA,16086,6516,14596,"West"
"318","University of Akron Main Campus","Akron","OH",3,4,1,"EAST",19022,NA,21338,10054,18418,"West"
"319","Bowling Green State University-Main Campus","Bowling Green","OH",3,4,1,"EAST",14161,NA,22416,10726,18034,"West"
"320","Central State University","Wilberforce","OH",3,4,1,"EAST",2028,NA,17380,6058,13510,"West"
"321","University of Cincinnati-Main Campus","Cincinnati","OH",3,4,1,"EAST",23360,NA,25799,10784,25816,"West"
"322","Cleveland State University","Cleveland","OH",3,4,1,"EAST",11484,NA,22041,9499,12678,"West"
"323","Kent State University at Kent","Kent","OH",3,4,1,"EAST",22071,NA,23995,9816,17776,"West"
"324","Miami University-Hamilton","Hamilton","OH",3,4,1,"EAST",3421,NA,17107,5072,14165,"West"
"325","Miami University-Middletown","Middletown","OH",3,4,1,"EAST",1765,NA,18054,5072,14165,"West"
"326","Miami University-Oxford","Oxford","OH",3,4,1,"EAST",15378,NA,30858,13800,29590,"West"
"327","Ohio State University-Main Campus","Columbus","OH",3,4,1,"EAST",43139,NA,24524,10037,25757,"West"
"328","Ohio University-Main Campus","Athens","OH",3,4,1,"EAST",23331,NA,23605,10446,19410,"West"
"329","Shawnee State University","Portsmouth","OH",3,4,1,"EAST",4110,NA,17742,7177,12291,"West"
"330","University of Toledo","Toledo","OH",3,4,1,"EAST",15440,NA,21263,9275,18395,"West"
"331","Wright State University-Main Campus","Dayton","OH",3,4,1,"EAST",12161,NA,20762,8542,16546,"West"
"332","Youngstown State University","Youngstown","OH",3,4,1,"EAST",11613,NA,17350,8129,8358,"West"
"333","Cameron University","Lawton","OK",3,4,1,"WEST",5043,NA,14852,5055,12495,"West"
"334","University of Central Oklahoma","Edmond","OK",3,4,1,"WEST",15119,NA,16684,5437,13551,"West"
"335","East Central University","Ada","OK",3,4,1,"WEST",3757,NA,13735,5241,12643,"West"
"336","Langston University","Langston","OK",3,4,1,"WEST",2062,NA,13531,3815,9239,"West"
"337","Northeastern State University","Tahlequah","OK",3,4,1,"WEST",7215,NA,13296,4992,12012,"West"
"338","Northwestern Oklahoma State University","Alva","OK",3,4,1,"WEST",2005,NA,13065,5642,11764,"West"
"339","Oklahoma State University-Main Campus","Stillwater","OK",3,4,1,"WEST",20314,NA,21338,7442,20027,"West"
"340","University of Oklahoma-Norman Campus","Norman","OK",3,4,1,"WEST",20528,NA,23263,8916,21105,"West"
"341","Southeastern Oklahoma State University","Durant","OK",3,4,1,"WEST",3363,NA,14050,5315,13440,"West"
"342","Southwestern Oklahoma State University","Weatherford","OK",3,4,1,"WEST",3985,NA,16660,5460,11820,"West"
"343","Eastern Oregon University","La Grande","OR",3,4,1,"WEST",3422,NA,18959,7530,16755,"West"
"344","Oregon Institute of Technology","Klamath Falls","OR",3,4,1,"WEST",3443,NA,18801,8548,22188,"West"
"345","Oregon State University","Corvallis","OR",3,4,1,"WEST",22349,NA,22974,8322,23514,"West"
"346","University of Oregon","Eugene","OR",3,4,1,"WEST",20473,NA,22390,9763,29788,"West"
"347","Portland State University","Portland","OR",3,4,1,"WEST",20085,NA,19843,7878,23088,"West"
"348","Southern Oregon University","Ashland","OR",3,4,1,"WEST",4436,NA,18285,7438,19900,"West"
"349","Western Oregon University","Monmouth","OR",3,4,1,"WEST",5142,NA,21732,8634,21759,"West"
"350","Bloomsburg University of Pennsylvania","Bloomsburg","PA",3,4,1,"EAST",9245,NA,21732,8582,18706,"West"
"351","California University of Pennsylvania","California","PA",3,4,1,"EAST",6393,NA,23081,9239,13091,"West"
"352","Cheyney University of Pennsylvania","Cheyney","PA",3,4,1,"EAST",1178,NA,21605,8806,13302,"West"
"353","Clarion University of Pennsylvania","Clarion","PA",3,4,1,"EAST",5046,NA,20478,9404,13237,"West"
"354","East Stroudsburg University of Pennsylvania","East Stroudsburg","PA",3,4,1,"EAST",6109,NA,20282,8991,19115,"West"
"355","Edinboro University of Pennsylvania","Edinboro","PA",3,4,1,"EAST",5756,NA,19886,8849,12701,"West"
"356","Indiana University of Pennsylvania-Main Campus","Indiana","PA",3,4,1,"EAST",12405,NA,22936,9080,20216,"West"
"357","Kutztown University of Pennsylvania","Kutztown","PA",3,4,1,"EAST",8538,NA,23130,8819,18943,"West"
"358","Lincoln University of Pennsylvania","Lincoln University","PA",3,4,1,"EAST",1614,NA,22497,9804,15084,"West"
"359","Lock Haven University","Lock Haven","PA",3,4,1,"EAST",4783,NA,19145,8899,17023,"West"
"360","Mansfield University of Pennsylvania","Mansfield","PA",3,4,1,"EAST",2640,NA,21432,9192,19316,"West"
"361","Millersville University of Pennsylvania","Millersville","PA",3,4,1,"EAST",7313,NA,21756,8866,18990,"West"
"362","Pennsylvania State University-Penn State Erie-Behrend College","Erie","PA",3,4,1,"EAST",3797,NA,27759,14240,21302,"West"
"363","Pennsylvania State University-Penn State Lehigh Valley","Center Valley","PA",3,4,1,"EAST",788,NA,19456,13602,20278,"West"
"364","Pennsylvania State University-Penn State Berks","Reading","PA",3,4,1,"EAST",2573,NA,25931,14240,21302,"West"
"365","Pennsylvania State University-Penn State Harrisburg","Middletown","PA",3,4,1,"EAST",3461,NA,26651,14240,21302,"West"
"366","Pennsylvania State University-Main Campus","University Park","PA",3,4,1,"EAST",39460,NA,31625,16992,29566,"West"
"367","Pennsylvania State University-Penn State Abington","Abington","PA",3,4,1,"EAST",3231,NA,19611,13608,20284,"West"
"368","Pennsylvania State University-Penn State York","York","PA",3,4,1,"EAST",943,NA,19761,13602,20278,"West"
"369","University of Pittsburgh-Pittsburgh Campus","Pittsburgh","PA",3,4,1,"EAST",18304,NA,30410,17100,27106,"West"
"370","Shippensburg University of Pennsylvania","Shippensburg","PA",3,4,1,"EAST",6493,NA,20840,9448,17916,"West"
"371","Slippery Rock University of Pennsylvania","Slippery Rock","PA",3,4,1,"EAST",7544,NA,21303,9027,12529,"West"
"372","Temple University","Philadelphia","PA",3,4,1,"EAST",27511,NA,27247,14096,24122,"West"
"373","West Chester University of Pennsylvania","West Chester","PA",3,4,1,"EAST",13456,NA,24997,8850,18974,"West"
"374","Rhode Island College","Providence","RI",3,4,1,"EAST",7253,NA,14858,7602,18300,"West"
"375","University of Rhode Island","Kingston","RI",3,4,1,"EAST",13008,NA,26262,12450,28016,"West"
"376","College of Charleston","Charleston","SC",3,4,1,"EAST",10150,NA,25086,10626,27090,"West"
"377","Citadel Military College of South Carolina","Charleston","SC",3,4,1,"EAST",2660,NA,24827,10838,29639,"West"
"378","Clemson University","Clemson","SC",3,4,1,"EAST",16801,NA,27944,13054,30488,"West"
"379","Francis Marion University","Florence","SC",3,4,1,"EAST",3380,NA,19965,9386,18364,"West"
"380","Lander University","Greenwood","SC",3,4,1,"EAST",2750,NA,21628,10100,19136,"West"
"381","University of South Carolina-Aiken","Aiken","SC",3,4,1,"EAST",2956,NA,18466,9308,18340,"West"
"382","University of South Carolina-Columbia","Columbia","SC",3,4,1,"EAST",23987,NA,23685,10816,28528,"West"
"383","Coastal Carolina University","Conway","SC",3,4,1,"EAST",8570,NA,21601,9760,22770,"West"
"384","South Carolina State University","Orangeburg","SC",3,4,1,"EAST",2876,NA,25265,9776,18910,"West"
"385","University of South Carolina-Upstate","Spartanburg","SC",3,4,1,"EAST",4952,NA,20848,10198,20226,"West"
"386","Winthrop University","Rock Hill","SC",3,4,1,"EAST",4704,NA,24595,13670,26240,"West"
"387","Black Hills State University","Spearfish","SD",3,4,1,"WEST",3156,NA,15906,7617,9617,"West"
"388","Dakota State University","Madison","SD",3,4,1,"WEST",1743,NA,17201,7506,9506,"West"
"389","Northern State University","Aberdeen","SD",3,4,1,"WEST",1758,NA,17334,7563,9562,"West"
"390","South Dakota School of Mines and Technology","Rapid City","SD",3,4,1,"WEST",2194,NA,20234,10040,12870,"West"
"391","South Dakota State University","Brookings","SD",3,4,1,"WEST",10048,NA,18547,7713,9795,"West"
"392","University of South Dakota","Vermillion","SD",3,4,1,"WEST",6449,NA,18843,8022,10104,"West"
"393","Austin Peay State University","Clarksville","TN",3,4,1,"EAST",9271,NA,18852,6876,21372,"West"
"394","East Tennessee State University","Johnson City","TN",3,4,1,"EAST",11399,NA,22485,7249,22561,"West"
"395","University of Memphis","Memphis","TN",3,4,1,"EAST",16178,NA,20899,8312,23024,"West"
"396","Middle Tennessee State University","Murfreesboro","TN",3,4,1,"EAST",20914,NA,17501,7546,23002,"West"
"397","The University of Tennessee-Chattanooga","Chattanooga","TN",3,4,1,"EAST",10184,NA,19192,7554,22760,"West"
"398","The University of Tennessee-Knoxville","Knoxville","TN",3,4,1,"EAST",20948,NA,24746,11194,29684,"West"
"399","The University of Tennessee-Martin","Martin","TN",3,4,1,"EAST",6554,NA,16227,7507,21451,"West"
"400","Tennessee State University","Nashville","TN",3,4,1,"EAST",6669,NA,16903,6498,19218,"West"
"401","Tennessee Technological University","Cookeville","TN",3,4,1,"EAST",9827,NA,19900,7063,22063,"West"
"402","Angelo State University","San Angelo","TX",3,4,1,"WEST",5430,NA,19511,6559,15055,"West"
"403","Texas A & M University-Corpus Christi","Corpus Christi","TX",3,4,1,"WEST",9137,NA,17782,7172,15668,"West"
"404","Texas A & M University-Texarkana","Texarkana","TX",3,4,1,"WEST",1391,NA,14147,5578,14002,"West"
"405","Texas A & M University-Commerce","Commerce","TX",3,4,1,"WEST",6951,NA,18487,6583,17203,"West"
"406","University of Houston-Downtown","Houston","TX",3,4,1,"WEST",13297,NA,18879,5238,13734,"West"
"407","University of Houston-Victoria","Victoria","TX",3,4,1,"WEST",2879,NA,17508,6248,16868,"West"
"408","University of Houston","Houston","TX",3,4,1,"WEST",30357,NA,22215,8401,16897,"West"
"409","Lamar University","Beaumont","TX",3,4,1,"WEST",9175,NA,21142,7429,15925,"West"
"410","Texas A & M International University","Laredo","TX",3,4,1,"WEST",6560,NA,15272,5818,14314,"West"
"411","Midwestern State University","Wichita Falls","TX",3,4,1,"WEST",5192,NA,15704,7665,9615,"West"
"412","University of North Texas","Denton","TX",3,4,1,"WEST",31243,NA,18593,8745,17241,"West"
"413","The University of Texas-Pan American","Edinburg","TX",3,4,1,"WEST",17200,NA,11601,5173,13669,"West"
"414","The University of Texas at Brownsville","Brownsville","TX",3,4,1,"WEST",10379,NA,13651,5372,14834,"West"
"415","Prairie View A & M University","Prairie View","TX",3,4,1,"WEST",6731,NA,16782,6764,15350,"West"
"416","Sam Houston State University","Huntsville","TX",3,4,1,"WEST",16255,NA,19173,7022,15518,"West"
"417","Stephen F Austin State University","Nacogdoches","TX",3,4,1,"WEST",10715,NA,21909,8412,19032,"West"
"418","Texas State University","San Marcos","TX",3,4,1,"WEST",31005,NA,19721,8060,17264,"West"
"419","Sul Ross State University","Alpine","TX",3,4,1,"WEST",2000,NA,17254,5436,13932,"West"
"420","Tarleton State University","Stephenville","TX",3,4,1,"WEST",11328,NA,17709,5856,14352,"West"
"421","Texas A & M University-Kingsville","Kingsville","TX",3,4,1,"WEST",9400,NA,19721,6940,17560,"West"
"422","Texas A & M University-College Station","College Station","TX",3,4,1,"WEST",43931,NA,20819,8506,25126,"West"
"423","The University of Texas at Arlington","Arlington","TX",3,4,1,"WEST",25415,NA,21420,8878,17374,"West"
"424","The University of Texas at Austin","Austin","TX",3,4,1,"WEST",39323,NA,25176,9798,33842,"West"
"425","The University of Texas at Dallas","Richardson","TX",3,4,1,"WEST",13042,NA,22381,10864,26038,"West"
"426","The University of Texas at El Paso","El Paso","TX",3,4,1,"WEST",19527,NA,15272,7255,19175,"West"
"427","The University of Texas at Tyler","Tyler","TX",3,4,1,"WEST",5338,NA,19366,7222,17842,"West"
"428","The University of Texas of the Permian Basin","Odessa","TX",3,4,1,"WEST",2947,NA,14292,5250,13674,"West"
"429","The University of Texas at San Antonio","San Antonio","TX",3,4,1,"WEST",23840,NA,18936,7457,16031,"West"
"430","Texas Southern University","Houston","TX",3,4,1,"WEST",6288,NA,22311,7946,18566,"West"
"431","Texas Tech University","Lubbock","TX",3,4,1,"WEST",26809,NA,20900,7517,16013,"West"
"432","Texas Woman's University","Denton","TX",3,4,1,"WEST",9220,NA,16345,7339,17965,"West"
"433","West Texas A & M University","Canyon","TX",3,4,1,"WEST",6890,NA,17553,6500,7220,"West"
"434","Southern Utah University","Cedar City","UT",3,4,1,"WEST",5620,NA,18042,5924,17902,"West"
"435","Utah State University","Logan","UT",3,4,1,"WEST",20775,NA,16020,6030,17550,"West"
"436","Utah Valley University","Orem","UT",3,4,1,"WEST",24243,NA,14213,5086,14256,"West"
"437","University of Utah","Salt Lake City","UT",3,4,1,"WEST",23273,NA,19048,7457,23736,"West"
"438","Weber State University","Ogden","UT",3,4,1,"WEST",17314,NA,13204,4990,13311,"West"
"439","Castleton State College","Castleton","VT",3,4,1,"EAST",2022,NA,20799,10286,24014,"West"
"440","Johnson State College","Johnson","VT",3,4,1,"EAST",1433,NA,20404,10286,21950,"West"
"441","Lyndon State College","Lyndonville","VT",3,4,1,"EAST",1363,NA,19178,10286,20942,"West"
"442","University of Vermont","Burlington","VT",3,4,1,"EAST",9970,NA,27788,15718,36646,"West"
"443","College of William and Mary","Williamsburg","VA",3,4,1,"EAST",6235,NA,25938,15463,38440,"West"
"444","Christopher Newport University","Newport News","VA",3,4,1,"EAST",5083,NA,24696,11092,20992,"West"
"445","George Mason University","Fairfax","VA",3,4,1,"EAST",21324,NA,22332,9908,28592,"West"
"446","James Madison University","Harrisonburg","VA",3,4,1,"EAST",18127,NA,21980,9176,23654,"West"
"447","Longwood University","Farmville","VA",3,4,1,"EAST",4357,NA,23707,11340,24210,"West"
"448","University of Mary Washington","Fredericksburg","VA",3,4,1,"EAST",4303,NA,21862,9720,22590,"West"
"449","Norfolk State University","Norfolk","VA",3,4,1,"EAST",5955,NA,18837,7126,20596,"West"
"450","Old Dominion University","Norfolk","VA",3,4,1,"EAST",19483,NA,20531,8550,24210,"West"
"451","Radford University","Radford","VA",3,4,1,"EAST",8866,NA,19987,8976,21141,"West"
"452","Virginia Polytechnic Institute and State University","Blacksburg","VA",3,4,1,"EAST",23928,NA,25513,11455,27211,"West"
"453","Virginia Commonwealth University","Richmond","VA",3,4,1,"EAST",22049,NA,25291,12002,29473,"West"
"454","University of Virginia-Main Campus","Charlottesville","VA",3,4,1,"EAST",15020,NA,25255,12668,40054,"West"
"455","Virginia State University","Petersburg","VA",3,4,1,"EAST",5023,NA,20075,7784,17192,"West"
"456","Central Washington University","Ellensburg","WA",3,4,1,"WEST",9958,NA,21401,8976,20886,"West"
"457","Eastern Washington University","Cheney","WA",3,4,1,"WEST",11672,NA,19831,7961,19612,"West"
"458","The Evergreen State College","Olympia","WA",3,4,1,"WEST",4017,NA,21433,8574,20661,"West"
"459","Washington State University","Pullman","WA",3,4,1,"WEST",22825,NA,26292,12327,25409,"West"
"460","University of Washington-Seattle Campus","Seattle","WA",3,4,1,"WEST",28754,NA,24606,12397,31971,"West"
"461","Western Washington University","Bellingham","WA",3,4,1,"WEST",13925,NA,22009,8863,19752,"West"
"462","Concord University","Athens","WV",3,4,1,"EAST",2474,NA,17146,6160,13490,"West"
"463","Fairmont State University","Fairmont","WV",3,4,1,"EAST",3856,NA,14710,5824,12288,"West"
"464","Marshall University","Huntington","WV",3,4,1,"EAST",9098,NA,16361,6216,14446,"West"
"465","Shepherd University","Shepherdstown","WV",3,4,1,"EAST",3695,NA,14846,6256,15840,"West"
"466","West Virginia State University","Institute","WV",3,4,1,"EAST",2195,NA,13756,5932,13864,"West"
"467","West Liberty University","West Liberty","WV",3,4,1,"EAST",2412,NA,18406,6226,13540,"West"
"468","West Virginia University","Morgantown","WV",3,4,1,"EAST",22130,NA,16898,6456,19632,"West"
"469","University of Wisconsin-Whitewater","Whitewater","WI",3,4,1,"EAST",10438,NA,16107,7578,15151,"West"
"470","University of Wisconsin-Eau Claire","Eau Claire","WI",3,4,1,"EAST",10218,NA,18066,8710,16283,"West"
"471","University of Wisconsin-Green Bay","Green Bay","WI",3,4,1,"EAST",5765,NA,16878,7676,15249,"West"
"472","University of Wisconsin-La Crosse","La Crosse","WI",3,4,1,"EAST",9335,NA,17896,8769,16342,"West"
"473","University of Wisconsin-Oshkosh","Oshkosh","WI",3,4,1,"EAST",10633,NA,16935,7401,14974,"West"
"474","University of Wisconsin-Parkside","Kenosha","WI",3,4,1,"EAST",4354,NA,15218,7316,14889,"West"
"475","University of Wisconsin-Stout","Menomonie","WI",3,4,1,"EAST",8094,NA,18192,8968,16714,"West"
"476","University of Wisconsin-Superior","Superior","WI",3,4,1,"EAST",2415,NA,16953,7946,15519,"West"
"477","University of Wisconsin-Madison","Madison","WI",3,4,1,"EAST",29504,NA,23718,10403,26653,"West"
"478","University of Wisconsin-Milwaukee","Milwaukee","WI",3,4,1,"EAST",21747,NA,21203,9300,19029,"West"
"479","University of Wisconsin-Platteville","Platteville","WI",3,4,1,"EAST",7740,NA,16824,7484,15057,"West"
"480","University of Wisconsin-River Falls","River Falls","WI",3,4,1,"EAST",5506,NA,16682,7720,15293,"West"
"481","University of Wisconsin-Stevens Point","Stevens Point","WI",3,4,1,"EAST",9150,NA,16427,7577,15150,"West"
"482","University of Wyoming","Laramie","WY",3,4,1,"WEST",9969,NA,17652,4404,14124,"West"
"483","University of Guam","Mangilao","GU",3,4,1,"WEST",3488,NA,13026,5098,14098,"West"
"484","Puerto Rico Conservatory of Music","San Juan","PR",3,4,1,"WEST",424,NA,12004,3370,3370,"West"
"485","University of Puerto Rico-Mayaguez","Mayaguez","PR",3,4,1,"WEST",10697,NA,14726,2019,4041,"West"
"486","University of Puerto Rico-Rio Piedras","San Juan","PR",3,4,1,"WEST",11834,NA,8020,2082,4104,"West"
"487","University of the Virgin Islands","Charlotte Amalie","VI",3,4,1,"WEST",2023,NA,16261,4794,13174,"West"
"488","Purdue University-Main Campus","West Lafayette","IN",3,4,1,"EAST",30167,NA,23109,9992,28794,"West"
"489","California State University-San Marcos","San Marcos","CA",3,4,1,"WEST",10689,NA,20386,6649,17809,"West"
"490","University of Washington-Bothell Campus","Bothell","WA",3,4,1,"WEST",4077,NA,22800,11911,31485,"West"
"491","University of Washington-Tacoma Campus","Tacoma","WA",3,4,1,"WEST",3587,NA,22185,11902,31476,"West"
"492","Arizona State University-West","Glendale","AZ",3,4,1,"WEST",3243,NA,20269,9545,22497,"West"
"493","California State University-Monterey Bay","Seaside","CA",3,4,1,"WEST",5153,NA,18479,5963,17123,"West"
"494","Arizona State University-Polytechnic","Mesa","AZ",3,4,1,"WEST",3305,NA,21256,9545,22497,"West"
"495","Florida Gulf Coast University","Fort Myers","FL",3,4,1,"EAST",12795,NA,18097,6118,25440,"West"
"496","University of Connecticut-Tri-Campus","Waterbury","CT",3,4,1,"EAST",2382,NA,13099,10056,29004,"West"
"497","University of Connecticut-Avery Point","Groton","CT",3,4,1,"EAST",645,NA,12946,10056,29004,"West"
"498","University of Connecticut-Stamford","Stamford","CT",3,4,1,"EAST",1224,NA,13028,10066,29014,"West"
"499","California State University-Channel Islands","Camarillo","CA",3,4,1,"WEST",4950,NA,22570,6471,17631,"West"
"500","University of California-Merced","Merced","CA",3,4,1,"WEST",5837,NA,30637,13160,36038,"West"
"501","University of South Florida-St Petersburg","St. Petersburg","FL",3,4,1,"EAST",3955,NA,18821,5820,16736,"West"
"502","Arizona State University-Downtown Phoenix","Phoenix","AZ",3,4,1,"WEST",8555,NA,22909,9861,23654,"West"
"503","Pennsylvania State University-World Campus","University Park","PA",3,4,1,"EAST",4881,NA,25441,13202,13202,"West"
"504","Georgia Regents University","Augusta","GA",3,4,1,"EAST",5456,NA,7715,3276,9723,"West"
"505","University of North Georgia","Dahlonega","GA",3,4,1,"EAST",14502,NA,16525,4219,12133,"West"
"506","Arizona State University-Skysong","Scottsdale","AZ",3,4,1,"WEST",8227,NA,19666,7866,11209,"West"
